{"schemaVersion":"1.0","appDefinitionTemplate":{"id":"/providers/Microsoft.PowerApps/apps/","type":"Microsoft.PowerApps/apps","tags":{"primaryDeviceWidth":"1366","primaryDeviceHeight":"768","sienaVersion":"20231210T205138Z-3.23113.30.0","deviceCapabilities":"","supportsPortrait":"true","supportsLandscape":"true","primaryFormFactor":"Tablet","publisherVersion":"3.23113.30","minimumRequiredApiVersion":"2.2.0","hasComponent":"false","hasUnlockedComponent":"false","isUnifiedRootApp":"false","optimizedForTeamsMeeting":"false","showStatusBar":"false"},"properties":{"appVersion":"2023-12-10T20:51:38Z","lifeCycleId":"Published","createdByClientVersion":{"major":3,"minor":23113,"build":30,"revision":0,"majorRevision":0,"minorRevision":0},"minClientVersion":{"major":3,"minor":23113,"build":30,"revision":0,"majorRevision":0,"minorRevision":0},"backgroundColor":"RGBA(0,176,240,1)","backgroundImageUri":"/14885157860428508422/Nd75000fd-6c3f-4941-a370-55daac1dae33-logoSmallFile","displayName":"DocU","description":"hes got the nuts tho i cant lie 💀","commitMessage":"","appUris":{"documentUri":{"value":"/14885157860428508422/Ncbf194fa-09bc-46da-9a66-c43650abfaf2-document.msapp"},"imageUris":[],"additionalUris":[{"isSolutionAware":false,"value":"/14885157860428508422/Nf4352d3e-42af-47cc-acc6-6f5cd1b9d194-identity.json"}]},"createdTime":"0001-01-01T00:00:00Z","lastModifiedTime":"0001-01-01T00:00:00Z","sharedGroupsCount":0,"sharedUsersCount":0,"connectionReferences":{"4266915d-33f0-46b8-b65b-2eae01d87a1d":{"id":"6e6fc37b-d605-4ed4-bd56-c563c09de8a7","displayName":"SharePoint","iconUri":"https://connectoricons-prod.azureedge.net/releases/v1.0.1664/1.0.1664.3477/sharepointonline/icon.png","dataSources":["DocU Main","Trial/Error Table","Calendar Events"],"dependencies":[],"dependents":[],"parameterHints":{},"parameterHintsV2":{},"isOnPremiseConnection":false,"bypassConsent":false,"dataSets":{"https://liveutk.sharepoint.com/sites/UT_SharePointMainRepository":{"dataSources":{"Calendar Events":{"tableName":"c6503831-cf53-4afe-ac5e-3cd44faba3ff"}}}},"apiTier":"Standard","isCustomApiConnection":false,"actions":["providers/PowerPlatform.Governance/Operations/Read","providers/PowerPlatform.Governance/Operations/Write","providers/PowerPlatform.Governance/Operations/Delete"]},"f3aac2e9-8e7a-4ce9-b3e1-604cbd2ee2d7":{"id":"1f9439f0-786e-492c-9b43-e9f1deb81dbe","displayName":"Office 365 Users","iconUri":"https://connectoricons-prod.azureedge.net/releases/v1.0.1664/1.0.1664.3477/office365users/icon.png","dataSources":["Office365Users"],"dependencies":[],"dependents":[],"parameterHints":{},"parameterHintsV2":{},"isOnPremiseConnection":false,"bypassConsent":false,"dataSets":{},"apiTier":"Standard","isCustomApiConnection":false}},"databaseReferences":{},"almMode":"Environment","performanceOptimizationEnabled":true,"canConsumeAppPass":true,"enableModernRuntimeMode":false,"executionRestrictions":{"isTeamsOnly":false,"dataLossPreventionEvaluationResult":{"status":"Compliant","lastEvaluationDate":"2023-10-03T18:29:50.1888779Z","violations":[],"violationsByPolicy":[],"violationErrorMessage":"The app uses the following connectors: ."}}},"appType":"ClassicCanvasApp","appComponents":[]}}